1,2,0,3,2,0.0,22383
1,2,0,3,3,0.0,21843
1,2,0,3,4,0.0,20926
1,2,0,3,5,0.0,19744
1,2,0,3,6,0.0,18377
1,2,0,3,15,0.0,17233
1,2,0,3,16,0.0,17044
1,3,0,4,2,0.0,17430
1,3,0,4,12,0.0,18055
1,3,0,4,13,0.0,18005
1,3,0,4,14,0.0,17955
1,3,0,4,15,0.0,17905
1,3,0,4,16,0.0,17820
1,3,0,4,17,0.0,17735
1,3,0,4,18,0.0,17650
1,3,0,4,19,0.0,17855
1,3,0,4,20,0.0,17832
1,12,0,6,19,0.0,17650
1,12,0,6,20,0.0,18034
1,12,0,6,21,0.0,18193
1,12,0,6,22,0.0,18790
1,16,0,3,15,0.25,17102
1,16,0,3,16,0.75,17073
1,16,0,3,17,0.0,17023
1,16,0,3,18,0.0,16753
1,16,0,3,19,0.0,18020
1,16,0,3,20,0.25,18192
1,16,0,3,21,0.5,19218
1,16,0,3,22,0.0,19148
1,16,0,3,23,0.25,18862
1,17,0,4,14,0.0,18199
1,17,0,4,15,0.0,18180
1,17,0,4,16,0.0,18146
1,17,0,4,17,0.0,17966
1,17,0,4,18,0.0,17996
1,17,0,4,19,0.0,18004
1,17,0,4,20,0.0,18009
1,17,0,4,21,0.0,18012
1,19,0,6,12,0.0,16141
1,19,0,6,13,0.0,16483
1,19,0,6,14,0.0,17065
1,19,0,6,15,0.0,17815
1,19,0,6,16,0.0,18682
1,19,0,6,17,0.0,19457
1,19,0,6,18,0.0,20167
1,19,0,6,19,0.0,20832
1,19,0,6,20,0.0,21465
1,19,0,6,21,0.0,21038
1,20,1,7,15,0.0,18893
1,20,1,7,16,0.0,18959
1,20,1,7,17,0.0,19024
1,20,1,7,18,0.0,19181
1,20,1,7,19,0.0,19302
1,20,1,7,20,0.0,19422
1,20,1,7,21,0.0,19708
1,26,0,6,19,0.0,18656
1,26,0,6,20,0.0,19225
1,26,0,6,21,0.0,19794
1,26,0,6,22,0.0,19302
1,26,0,6,23,0.0,18809
2,2,0,6,15,0.0,33208
2,2,0,6,16,0.0,28581
2,2,0,6,17,0.0,24603
2,2,0,6,18,0.0,23162
2,2,0,6,19,0.0,21090
2,3,1,7,12,0.0,16841
2,3,1,7,13,0.0,17222
2,3,1,7,14,0.0,17603
2,3,1,7,15,0.0,18518
2,3,1,7,16,0.0,19220
2,3,1,7,17,0.0,19921
2,3,1,7,18,0.0,19964
2,3,1,7,19,0.0,20500
2,3,1,7,20,0.0,20020
2,3,1,7,21,0.0,20250
2,3,1,7,22,0.0,20273
2,3,1,7,23,0.0,19182
2,13,0,3,8,0.0,19614
2,13,0,3,18,0.0,18805
2,13,0,3,19,0.0,18462
2,13,0,3,20,0.0,18397
2,13,0,3,21,0.0,17981
2,13,0,3,22,0.0,17644
2,17,1,7,13,0.0,18862
2,17,1,7,14,0.0,19084
2,17,1,7,15,0.0,19616
2,17,1,7,16,0.0,20196
2,17,1,7,17,0.0,20258
2,17,1,7,18,0.0,20653
2,17,1,7,19,0.0,22085
2,20,0,3,13,0.0,18718
2,20,0,3,14,0.0,19278
2,20,0,3,15,0.0,19026
2,20,0,3,16,0.0,18773
2,20,0,3,17,0.0,18521
2,20,0,3,19,0.0,19254
2,20,0,3,20,0.0,19621
2,20,0,3,22,0.0,20354
3,3,1,7,0,0.0,18624
3,3,1,7,1,0.0,18593
3,3,1,7,2,0.0,18541
3,3,1,7,3,0.0,18258
3,3,1,7,15,0.0,18048
3,3,1,7,16,0.0,17965
3,3,1,7,17,0.0,17823
3,3,1,7,18,0.0,17056
3,3,1,7,19,0.0,17115
3,3,1,7,20,0.0,17167
3,3,1,7,21,0.0,17291
3,7,0,4,10,0.0,17363
3,7,0,4,11,0.0,17434
3,7,0,4,12,0.0,17555
3,7,0,4,13,0.0,18207
3,7,0,4,14,0.0,18626
3,7,0,4,15,0.0,18929
3,7,0,4,16,0.0,19231
3,7,0,4,17,0.0,19534
3,7,0,4,18,0.25,20058
3,7,0,4,19,1.0,20582
3,7,0,4,20,0.75,21106
3,7,0,4,21,0.5,20775
3,8,0,5,2,0.75,24786
3,8,0,5,15,0.25,19663
3,8,0,5,16,0.0,19687
3,8,0,5,17,0.25,19728
3,8,0,5,18,0.0,19947
3,8,0,5,19,0.0,19814
3,8,0,5,20,0.0,19602
3,8,0,5,21,0.5,18499
3,8,0,5,22,0.0,18519
3,8,0,5,23,0.0,18292
3,11,1,1,2,0.0,12727
3,11,1,1,17,0.0,17830
3,11,1,1,18,0.0,18569
3,11,1,1,19,0.0,18533
3,11,1,1,20,0.0,18652
3,11,1,1,21,0.0,18854
3,11,1,1,22,0.0,19114
3,11,1,1,23,0.0,19414
3,22,0,5,15,0.0,19776
3,22,0,5,16,0.0,18483
3,22,0,5,17,0.0,18262
3,22,0,5,18,0.0,18040
3,22,0,5,20,0.0,17330
3,22,0,5,21,0.0,16975
3,22,0,5,23,0.0,16265
3,28,0,4,1,0.0,17787
3,28,0,4,16,0.0,20494
3,28,0,4,17,0.0,19360
3,28,0,4,18,0.0,19179
3,28,0,4,19,0.0,18998
3,28,0,4,20,0.0,18563
3,28,0,4,21,0.0,18230
3,28,0,4,22,0.0,17896
3,31,1,7,1,0.0,19258
3,31,1,7,11,0.0,19598
3,31,1,7,19,0.0,18016
3,31,1,7,20,0.0,18485
4,1,1,1,13,0.0,16478
4,1,1,1,14,0.0,16914
4,1,1,1,15,0.0,17039
4,1,1,1,16,0.0,17834
4,1,1,1,17,0.0,18037
4,1,1,1,18,0.0,19473
4,1,1,1,19,0.0,19440
4,16,0,2,6,0.0,27757
4,16,0,2,7,0.0,27207
4,16,0,2,8,0.0,26656
4,16,0,2,9,0.0,25334
4,16,0,2,10,0.0,24321
4,16,0,2,11,0.0,23308
4,16,0,2,12,0.0,22557
4,16,0,2,13,0.0,21806
4,16,0,2,14,0.0,20713
4,16,0,2,15,0.0,20289
4,16,0,2,16,0.0,19865
4,16,0,2,17,0.0,19077
4,16,0,2,18,0.0,18278
4,17,0,3,15,0.0,20854
4,17,0,3,16,0.0,20584
4,17,0,3,17,0.0,20124
4,17,0,3,18,0.0,19532
4,17,0,3,19,0.0,18847
4,17,0,3,20,0.0,18901
4,17,0,3,21,0.0,17778
4,30,0,2,12,0.0,15374
4,30,0,2,13,0.0,17166
4,30,0,2,14,0.0,18957
4,30,0,2,15,0.0,20749
4,30,0,2,16,0.0,22540
4,30,0,2,17,0.0,20964
4,30,0,2,19,0.0,20438
4,30,0,2,20,0.0,20175
4,30,0,2,22,0.0,19649
4,30,0,2,23,0.0,18826
5,4,0,6,0,0.0,22022
5,4,0,6,16,0.0,19364
5,4,0,6,17,0.0,19372
5,4,0,6,18,0.0,19386
5,4,0,6,19,0.0,19404
5,4,0,6,20,0.0,19424
5,4,0,6,21,0.0,21371
5,5,1,7,2,0.0,25113
5,5,1,7,3,0.0,23736
5,5,1,7,10,0.0,19511
5,5,1,7,21,0.0,19662
5,8,0,3,0,0.25,18930
5,8,0,3,1,0.0,18709
5,8,0,3,2,0.0,18489
5,8,0,3,3,0.0,18268
5,8,0,3,4,0.0,17893
5,8,0,3,5,0.0,17518
5,8,0,3,6,0.0,17143
5,8,0,3,7,0.0,17060
5,8,0,3,8,0.0,16977
5,8,0,3,9,0.0,16894
5,8,0,3,10,0.0,17016
5,8,0,3,11,0.0,17137
5,8,0,3,12,0.0,17259
5,8,0,3,13,0.5,17497
5,8,0,3,14,0.25,17736
5,8,0,3,15,0.25,17974
5,8,0,3,16,0.0,18294
5,8,0,3,17,0.0,18613
5,8,0,3,18,0.0,18933
5,8,0,3,19,0.0,19475
5,8,0,3,20,0.0,19118
5,10,0,5,16,0.0,16783
5,10,0,5,17,0.0,19080
5,10,0,5,18,0.0,18824
5,10,0,5,19,0.0,18389
5,10,0,5,20,0.0,17829
5,10,0,5,21,0.0,17181
5,10,0,5,22,0.0,16840
5,10,0,5,23,0.0,17237
5,18,0,6,16,0.0,18580
5,18,0,6,17,0.0,18394
5,18,0,6,18,0.0,18829
5,18,0,6,19,0.0,19569
5,18,0,6,20,0.0,20522
5,18,0,6,21,0.0,21625
5,18,0,6,22,0.0,22774
5,18,0,6,23,0.0,25716
5,21,0,2,6,0.0,13413
5,21,0,2,7,0.0,13511
5,21,0,2,8,0.0,13678
5,21,0,2,9,0.0,14580
5,21,0,2,10,0.0,14698
5,21,0,2,11,0.0,15766
5,21,0,2,12,0.0,15954
5,21,0,2,13,0.0,17515
5,21,0,2,14,0.0,17611
5,21,0,2,15,0.0,17706
5,21,0,2,16,0.0,17977
5,21,0,2,17,0.0,18210
5,21,0,2,18,0.0,18442
5,21,0,2,19,0.0,18897
5,21,0,2,20,0.0,19344
5,21,0,2,21,0.0,20690
5,21,0,2,22,0.0,20895
5,21,0,2,23,0.0,21984
6,1,0,6,9,0.0,17594
6,1,0,6,10,0.0,17725
6,1,0,6,11,0.0,17947
6,1,0,6,12,0.0,19149
6,1,0,6,13,0.0,19174
6,1,0,6,14,0.0,19291
6,1,0,6,15,0.0,20170
6,1,0,6,16,0.0,20270
6,1,0,6,17,0.0,20521
6,1,0,6,18,0.0,20879
6,1,0,6,19,0.0,21311
6,1,0,6,20,0.0,20923
6,1,0,6,21,0.0,20992
6,1,0,6,22,0.0,20898
6,1,0,6,23,0.0,19690
6,5,0,3,0,0.0,17226
6,5,0,3,12,0.0,17806
6,5,0,3,13,0.0,18038
6,5,0,3,14,0.0,18432
6,5,0,3,15,0.0,18940
6,5,0,3,16,0.0,19527
6,5,0,3,17,0.0,19912
6,5,0,3,18,0.0,20296
6,5,0,3,19,0.0,21014
6,5,0,3,20,0.0,21445
6,5,0,3,21,0.0,21875
6,6,1,4,14,0.0,17177
6,6,1,4,15,0.0,17413
6,6,1,4,16,0.0,18097
6,6,1,4,17,0.0,18165
6,6,1,4,18,0.0,18599
6,6,1,4,19,0.0,18067
6,8,0,6,14,0.0,23287
6,8,0,6,15,0.0,23152
6,8,0,6,16,0.0,22290
6,8,0,6,17,0.0,22346
6,8,0,6,18,0.0,22413
6,8,0,6,19,0.0,22682
6,8,0,6,20,0.0,22482
6,8,0,6,21,0.0,21241
6,9,1,7,0,0.0,18359
6,9,1,7,11,0.0,20501
6,9,1,7,19,0.0,16641
6,9,1,7,20,0.0,16663
6,9,1,7,21,0.0,16685
6,9,1,7,22,0.0,16752
6,13,0,4,1,0.0,15276
6,13,0,4,2,0.0,16974
6,13,0,4,3,0.0,18188
6,13,0,4,4,0.0,18018
6,13,0,4,5,0.0,17847
6,13,0,4,6,0.0,17437
6,13,0,4,7,0.0,17123
6,13,0,4,8,0.0,16809
6,13,0,4,16,0.0,18512
6,13,0,4,17,0.0,18487
6,13,0,4,18,0.0,18444
6,13,0,4,19,0.0,18213
6,14,0,5,0,0.0,13666
6,14,0,5,11,0.0,18654
6,14,0,5,12,0.0,18838
6,14,0,5,13,0.0,19021
6,14,0,5,14,0.0,19461
6,14,0,5,15,0.0,19799
6,14,0,5,16,0.0,20137
6,14,0,5,17,0.0,19364
6,16,1,7,5,0.0,40878
6,16,1,7,6,0.0,39745
6,16,1,7,7,0.0,38611
6,16,1,7,8,0.0,37478
6,16,1,7,9,0.0,35551
6,16,1,7,10,0.0,33625
6,16,1,7,11,0.0,31698
6,16,1,7,12,0.0,27785
6,16,1,7,13,0.0,25180
6,16,1,7,14,0.0,23489
6,16,1,7,15,0.0,22439
6,16,1,7,16,0.0,21421
6,16,1,7,17,0.0,20513
6,16,1,7,18,0.0,19990
6,16,1,7,19,0.0,19462
6,16,1,7,20,0.0,18930
6,16,1,7,21,0.0,18396
6,17,1,1,2,0.0,28035
6,17,1,1,16,0.0,19467
6,17,1,1,17,0.0,19472
6,17,1,1,18,0.0,19476
6,17,1,1,19,0.0,19481
6,17,1,1,20,0.0,19489
6,17,1,1,21,0.0,19497
6,17,1,1,22,0.0,19505
6,17,1,1,23,0.0,18908
6,21,0,5,10,0.0,25432
6,21,0,5,11,0.0,23343
6,21,0,5,12,0.0,21253
6,21,0,5,13,0.0,19164
6,21,0,5,14,0.0,17074
6,21,0,5,16,0.0,17829
6,21,0,5,17,0.0,18206
6,21,0,5,19,0.0,18961
6,21,0,5,20,0.0,18852
6,24,1,1,14,0.0,17620
6,24,1,1,15,0.0,17897
6,24,1,1,16,0.0,18174
6,24,1,1,17,0.0,18492
6,24,1,1,18,0.0,18810
6,24,1,1,19,0.0,19387
6,24,1,1,20,0.0,19963
6,24,1,1,21,0.0,20540
6,24,1,1,22,0.0,21116
6,24,1,1,23,0.0,20595
6,25,0,2,7,0.0,29077
6,25,0,2,8,0.0,27081
6,25,0,2,9,0.0,25085
6,25,0,2,11,0.0,22775
6,25,0,2,12,0.0,21619
6,25,0,2,14,0.0,19309
6,25,0,2,15,0.0,19772
6,25,0,2,16,0.0,20234
6,25,0,2,23,0.0,15632
6,30,1,7,0,0.0,18577
6,30,1,7,1,0.0,20339
6,30,1,7,2,0.0,22100
6,30,1,7,14,0.5,24063
6,30,1,7,22,0.5,16189
7,2,0,2,6,3.75,16052
7,2,0,2,7,1.75,21501
7,2,0,2,17,2.25,19152
7,2,0,2,18,1.5,19087
7,2,0,2,19,0.25,19291
7,2,0,2,20,0.75,19182
7,2,0,2,21,1.0,18487
7,2,0,2,22,0.25,18405
7,2,0,2,23,0.25,17750
7,6,0,6,0,0.5,16379
7,6,0,6,12,0.25,21199
7,6,0,6,13,0.25,21352
7,6,0,6,14,0.25,21613
7,6,0,6,15,0.25,21949
7,6,0,6,16,0.5,22337
7,7,1,7,2,0.0,20690
7,7,1,7,11,0.25,20838
7,7,1,7,12,0.0,22001
7,7,1,7,13,0.0,21891
7,7,1,7,14,0.0,21781
7,7,1,7,15,0.0,21516
7,7,1,7,16,0.0,21313
7,7,1,7,17,0.0,21110
7,8,1,1,11,0.0,15777
7,8,1,1,12,0.0,15832
7,8,1,1,13,0.0,15925
7,8,1,1,14,0.0,16427
7,8,1,1,15,0.0,17949
7,8,1,1,16,0.0,18226
7,8,1,1,17,0.0,18503
7,8,1,1,18,0.0,18780
7,8,1,1,19,0.0,19258
7,8,1,1,20,0.0,19737
7,8,1,1,21,0.0,20215
7,8,1,1,22,0.0,21708
7,24,0,3,15,0.0,21322
7,24,0,3,16,0.0,21064
7,24,0,3,17,0.0,20805
7,24,0,3,18,0.0,20170
7,24,0,3,19,0.0,19534
7,24,0,3,20,0.0,19848
7,24,0,3,21,0.0,20162
7,24,0,3,22,0.0,19493
7,30,0,2,11,0.0,18758
7,30,0,2,12,0.0,18651
7,30,0,2,13,0.0,18543
7,30,0,2,14,0.0,18436
7,30,0,2,15,0.0,18512
7,30,0,2,16,0.0,18587
7,30,0,2,17,0.0,18663
7,30,0,2,18,0.0,18724
7,30,0,2,19,0.0,18785
7,30,0,2,20,0.0,19838
7,30,0,2,21,0.0,20890
7,31,0,3,0,0.0,20068
7,31,0,3,12,0.0,17695
7,31,0,3,13,0.0,18550
7,31,0,3,14,0.0,19406
7,31,0,3,15,0.0,20261
7,31,0,3,16,0.0,21116
7,31,0,3,17,0.0,21267
7,31,0,3,18,0.0,21417
7,31,0,3,19,0.0,21568
7,31,0,3,20,0.0,21694
7,31,0,3,21,0.0,21820
7,31,0,3,22,0.0,20930
8,1,0,4,0,0.0,17404
8,1,0,4,1,0.0,17350
8,1,0,4,2,0.0,17005
8,1,0,4,3,0.0,17362
8,1,0,4,14,0.0,21526
8,1,0,4,15,0.0,21584
8,1,0,4,16,0.0,21954
8,1,0,4,17,0.0,21977
8,1,0,4,18,0.0,22195
8,1,0,4,19,0.0,24372
8,1,0,4,20,0.0,23792
8,1,0,4,21,0.0,22815
8,1,0,4,22,0.0,21560
8,1,0,4,23,0.0,20111
8,2,0,5,0,0.0,14057
8,2,0,5,1,0.0,14546
8,2,0,5,2,0.0,15035
8,2,0,5,3,0.0,16209
8,2,0,5,4,0.0,17109
8,2,0,5,5,0.0,18009
8,2,0,5,14,0.0,21124
8,2,0,5,15,0.0,21066
8,2,0,5,16,0.0,20967
8,2,0,5,17,0.0,20432
8,2,0,5,18,0.0,20340
8,2,0,5,19,0.0,19566
8,2,0,5,20,0.0,20301
8,3,0,6,1,0.0,19733
8,3,0,6,12,0.0,19746
8,3,0,6,13,0.0,19738
8,3,0,6,14,0.0,19686
8,3,0,6,15,0.0,20133
8,3,0,6,16,0.0,20586
8,3,0,6,17,0.0,21298
8,3,0,6,18,0.0,22179
8,3,0,6,19,0.0,22280
8,3,0,6,20,0.0,22451
8,3,0,6,21,0.0,23374
8,3,0,6,22,0.0,22155
8,5,1,1,1,0.0,26762
8,5,1,1,2,0.0,24352
8,5,1,1,11,0.0,16546
8,5,1,1,12,0.0,18656
8,5,1,1,13,0.0,18679
8,7,0,3,0,0.0,17191
8,7,0,3,12,0.0,21517
8,7,0,3,13,0.0,21032
8,7,0,3,14,0.0,20897
8,7,0,3,15,0.0,20763
8,7,0,3,16,0.0,20628
8,7,0,3,17,0.0,20399
8,7,0,3,18,0.0,20170
8,7,0,3,19,0.0,19941
8,7,0,3,20,0.0,19476
8,7,0,3,21,0.0,19167
8,7,0,3,22,0.0,18967
8,7,0,3,23,0.0,18843
8,8,0,4,2,0.0,17574
8,8,0,4,13,0.0,21614
8,8,0,4,14,0.0,21359
8,8,0,4,15,0.0,20925
8,8,0,4,16,0.0,20366
8,8,0,4,17,0.0,19720
8,8,0,4,18,0.0,19452
8,8,0,4,19,0.0,19184
8,8,0,4,20,0.0,18473
8,10,0,6,3,0.0,16607
8,10,0,6,15,0.25,18747
8,10,0,6,16,0.0,18817
8,10,0,6,17,0.25,19260
8,10,0,6,18,0.0,19107
8,10,0,6,19,0.25,19201
8,10,0,6,20,0.25,19859
8,10,0,6,21,0.25,20672
8,10,0,6,22,1.25,20661
8,11,1,7,2,0.0,17275
8,11,1,7,12,0.0,16278
8,11,1,7,13,0.0,16472
8,11,1,7,14,0.0,16802
8,11,1,7,15,0.0,17227
8,11,1,7,16,0.0,17718
8,11,1,7,23,0.0,19794
8,12,1,1,0,0.0,29216
8,12,1,1,1,0.0,28667
8,12,1,1,2,0.0,28118
8,12,1,1,3,0.0,26801
8,12,1,1,4,0.0,25791
8,12,1,1,5,0.0,24781
8,12,1,1,13,0.0,17587
8,12,1,1,14,0.0,18086
8,12,1,1,15,0.0,18584
8,12,1,1,16,0.0,19780
8,12,1,1,17,0.0,20697
8,12,1,1,18,0.0,21613
8,12,1,1,19,0.0,22762
8,12,1,1,20,0.0,23432
8,12,1,1,21,0.0,22826
8,13,0,2,0,0.0,20557
8,13,0,2,1,0.0,20720
8,13,0,2,2,0.0,20620
8,13,0,2,10,0.0,19194
8,13,0,2,19,0.0,19391
8,13,0,2,20,0.0,19504
8,13,0,2,21,0.0,19697
8,13,0,2,22,0.0,19945
8,13,0,2,23,0.0,20232
8,15,1,4,11,0.0,17893
8,15,1,4,12,0.0,18027
8,15,1,4,13,0.0,18879
8,15,1,4,14,0.0,18910
8,15,1,4,15,0.0,18940
8,15,1,4,16,0.0,18971
8,15,1,4,17,0.0,19032
8,15,1,4,18,0.0,19094
8,15,1,4,19,0.0,19155
8,15,1,4,20,0.0,19372
8,15,1,4,21,0.0,19611
8,15,1,4,22,10.0,20480
8,16,0,5,1,0.0,18721
8,16,0,5,14,0.0,25617
8,16,0,5,15,0.0,25242
8,16,0,5,16,0.0,24604
8,16,0,5,17,0.0,23782
8,16,0,5,18,0.0,22832
8,16,0,5,19,0.0,22056
8,16,0,5,20,0.0,21403
8,16,0,5,21,0.0,20063
8,16,0,5,22,0.0,18711
8,16,0,5,23,0.0,17645
8,18,1,7,0,0.0,14312
8,18,1,7,14,0.0,18163
8,18,1,7,15,0.0,18264
8,18,1,7,16,0.0,18908
8,18,1,7,17,0.0,18980
8,18,1,7,18,0.0,19559
8,18,1,7,19,0.0,19596
8,18,1,7,20,0.0,20003
8,19,1,1,8,0.0,17379
8,19,1,1,9,0.0,17388
8,19,1,1,10,0.0,17447
8,19,1,1,11,0.0,17605
8,19,1,1,12,0.0,17763
8,19,1,1,13,0.0,18143
8,19,1,1,14,0.0,18435
8,19,1,1,15,0.0,18727
8,19,1,1,16,0.0,20006
8,19,1,1,17,0.0,20571
8,19,1,1,18,0.0,22547
8,19,1,1,19,0.0,22851
8,19,1,1,20,0.0,23286
8,19,1,1,21,0.0,25369
8,19,1,1,22,0.0,25644
8,20,0,2,2,0.0,13705
8,20,0,2,3,0.0,17215
8,20,0,2,13,0.0,18928
8,20,0,2,20,0.0,20268
8,27,0,2,6,0.25,16837
8,27,0,2,8,2.0,18567
8,27,0,2,9,11.25,19432
8,27,0,2,11,2.25,21162
8,27,0,2,12,0.5,20441
8,27,0,2,13,13.5,19719
8,27,0,2,15,7.75,19329
8,27,0,2,16,1.0,19135
8,27,0,2,18,0.25,18745
8,28,0,3,13,0.0,20702
8,28,0,3,14,0.0,20213
8,28,0,3,15,2.75,19723
8,28,0,3,16,2.75,19570
8,28,0,3,17,0.75,19405
8,28,0,3,18,1.25,19239
8,28,0,3,19,0.25,19074
8,28,0,3,20,0.25,18797
8,28,0,3,21,0.0,18896
8,28,0,3,22,0.0,18535
8,29,0,4,10,0.0,16366
8,29,0,4,12,0.0,18511
8,29,0,4,13,0.0,19584
8,29,0,4,15,0.0,21729
8,29,0,4,16,0.0,21643
8,29,0,4,17,0.0,21557
8,29,0,4,18,0.0,21836
8,29,0,4,19,0.0,22114
8,29,0,4,20,0.0,22092
8,29,0,4,21,0.0,22069
8,29,0,4,22,0.0,22047
8,30,0,5,3,0.0,25717
8,30,0,5,14,1.75,18411
8,30,0,5,16,0.0,18411
8,30,0,5,17,0.0,18412
8,30,0,5,19,0.0,18412
8,30,0,5,20,0.0,18407
8,30,0,5,21,0.5,18402
8,30,0,5,22,0.5,18911
8,30,0,5,23,0.25,18814
8,31,0,6,0,0.0,21018
8,31,0,6,13,0.25,18993
8,31,0,6,22,0.0,16729
8,31,0,6,23,0.0,17151
9,6,0,5,0,0.0,14609
9,6,0,5,18,0.0,20788
9,6,0,5,19,0.0,21501
9,6,0,5,20,0.0,20204
9,6,0,5,21,0.0,20014
9,6,0,5,22,0.0,18806
9,10,0,2,5,0.0,13614
9,10,0,2,6,0.0,17506
9,10,0,2,7,0.0,16928
9,10,0,2,14,0.0,24802
9,10,0,2,23,0.0,18774
9,11,0,3,11,0.0,16920
9,11,0,3,12,0.0,16950
9,11,0,3,13,0.0,16980
9,11,0,3,14,0.0,17010
9,11,0,3,15,0.0,17061
9,11,0,3,16,0.0,17111
9,11,0,3,17,0.0,17162
9,11,0,3,18,0.0,17302
9,11,0,3,19,0.0,17433
9,11,0,3,20,0.0,17787
9,12,0,4,1,0.0,18703
9,12,0,4,11,0.0,20868
9,12,0,4,12,0.0,21117
9,12,0,4,13,0.0,21539
9,12,0,4,14,0.0,22084
9,12,0,4,15,0.0,22713
9,12,0,4,16,0.0,22931
9,12,0,4,17,0.0,21820
9,12,0,4,18,0.0,22211
9,12,0,4,19,0.0,22601
9,12,0,4,20,0.0,22992
9,12,0,4,21,0.0,23569
9,12,0,4,22,0.0,24145
9,12,0,4,23,0.0,24722
9,15,1,7,0,0.0,20827
9,15,1,7,1,0.75,20542
9,15,1,7,2,0.5,20258
9,15,1,7,3,0.25,19973
9,15,1,7,4,0.25,19489
9,15,1,7,5,0.25,19005
9,15,1,7,6,0.0,18521
9,15,1,7,14,0.0,22529
9,15,1,7,15,0.0,22284
9,15,1,7,16,0.0,22039
9,15,1,7,17,0.0,21451
9,15,1,7,18,0.0,21001
9,15,1,7,19,0.25,20550
9,15,1,7,20,0.0,19850
9,15,1,7,21,0.0,19290
9,15,1,7,22,0.0,18828
9,15,1,7,23,0.0,18435
9,16,1,1,0,0.0,25060
9,16,1,1,13,0.0,18658
9,16,1,1,14,0.0,18603
9,16,1,1,15,0.0,18509
9,16,1,1,16,0.0,17999
9,16,1,1,17,0.0,18098
9,16,1,1,18,0.0,18234
9,16,1,1,19,0.0,18866
9,16,1,1,20,0.0,18211
9,16,1,1,21,0.0,19286
9,16,1,1,22,0.0,19232
9,16,1,1,23,0.0,18962
9,20,0,5,2,0.25,19966
9,20,0,5,12,0.0,26246
9,20,0,5,13,0.25,25875
9,20,0,5,14,0.0,25504
9,20,0,5,15,0.0,24614
9,20,0,5,16,0.0,23932
9,20,0,5,17,0.5,23249
9,20,0,5,18,0.75,22755
9,20,0,5,19,0.25,22260
9,20,0,5,20,0.0,21551
9,20,0,5,21,0.75,21287
9,20,0,5,22,0.25,21022
9,21,0,6,8,2.5,19119
9,21,0,6,9,6.0,18732
9,21,0,6,10,2.25,18532
9,21,0,6,12,2.25,20643
9,21,0,6,13,2.0,21698
9,21,0,6,15,0.5,23809
9,21,0,6,16,0.0,23948
9,21,0,6,17,0.0,24087
9,21,0,6,18,0.0,23024
9,21,0,6,19,0.0,22626
9,21,0,6,20,0.5,22227
9,21,0,6,21,0.25,22060
9,21,0,6,22,0.0,21893
9,24,1,2,1,0.0,16155
9,24,1,2,3,0.0,17621
9,24,1,2,4,0.0,18353
9,24,1,2,6,0.0,19819
9,24,1,2,7,0.0,19550
9,24,1,2,19,0.0,27953
9,24,1,2,20,0.0,25336
9,24,1,2,21,0.0,22719
9,24,1,2,22,0.0,20101
9,24,1,2,23,0.0,17484
9,25,1,3,1,0.0,18184
9,25,1,3,9,0.0,19203
9,25,1,3,11,0.0,19442
9,25,1,3,12,0.0,19561
9,25,1,3,14,0.0,19800
9,25,1,3,15,0.0,20160
9,25,1,3,16,0.0,20647
9,25,1,3,17,0.0,21544
9,25,1,3,18,0.0,22440
9,25,1,3,19,0.0,23562
9,26,1,4,2,0.25,21018
9,26,1,4,11,0.0,18257
9,26,1,4,13,0.0,18286
9,26,1,4,14,0.0,18300
9,26,1,4,16,0.0,18329
9,26,1,4,17,0.0,20258
9,26,1,4,18,0.0,20713
9,26,1,4,19,0.0,20368
9,26,1,4,20,0.0,20659
9,26,1,4,21,0.0,20951
9,26,1,4,22,0.0,21242
9,30,1,1,1,0.0,18779
9,30,1,1,11,0.0,15866
9,30,1,1,12,0.0,15892
9,30,1,1,13,0.0,15918
9,30,1,1,16,0.0,16661
9,30,1,1,19,0.0,17405
9,30,1,1,20,0.0,17551
9,30,1,1,21,0.0,17772
9,30,1,1,22,0.0,17994
9,30,1,1,23,0.0,18215
10,6,1,7,12,5.25,17069
10,6,1,7,13,5.5,21429
10,6,1,7,14,0.0,20891
10,6,1,7,15,0.25,20594
10,9,1,3,14,0.0,19410
10,9,1,3,15,0.0,19300
10,9,1,3,16,0.0,19581
10,9,1,3,17,0.0,19862
10,9,1,3,18,0.0,20536
10,9,1,3,19,0.0,21053
10,9,1,3,20,0.0,21570
10,11,0,5,17,0.0,20179
10,11,0,5,18,0.0,19445
10,11,0,5,19,0.0,19430
10,11,0,5,20,0.0,19028
10,11,0,5,21,0.0,18044
10,19,0,6,11,0.0,19509
10,19,0,6,19,0.0,20543
10,19,0,6,20,0.0,20587
10,19,0,6,21,0.0,20661
10,19,0,6,22,0.0,21059
10,19,0,6,23,0.0,20396
10,26,0,6,2,0.0,25347
10,26,0,6,16,0.0,19812
10,26,0,6,17,0.0,20233
10,26,0,6,18,0.0,20170
10,26,0,6,19,0.0,20249
10,26,0,6,20,0.0,20327
10,26,0,6,21,0.0,20406
10,26,0,6,22,0.0,19877
10,26,0,6,23,0.25,19347
10,31,0,4,4,0.0,24321
10,31,0,4,15,0.0,23376
10,31,0,4,16,0.0,22486
10,31,0,4,17,0.0,21596
10,31,0,4,20,0.0,21474
10,31,0,4,23,0.0,21352
11,1,0,5,14,0.0,19877
11,1,0,5,15,0.0,19756
11,1,0,5,16,0.0,19645
11,8,0,5,12,2.0,17695
11,8,0,5,13,1.25,17719
11,8,0,5,14,1.25,17873
11,8,0,5,15,1.75,17883
11,8,0,5,16,2.0,17901
11,8,0,5,17,2.25,17919
11,8,0,5,18,3.0,17959
11,8,0,5,19,1.75,17987
11,8,0,5,20,2.0,18009
11,8,0,5,21,0.5,17996
11,8,0,5,22,0.0,17840
11,15,0,5,14,0.0,16421
11,15,0,5,15,0.0,17093
11,15,0,5,16,0.0,16913
11,15,0,5,17,0.0,17045
11,15,0,5,18,0.0,17269
11,15,0,5,19,0.0,18478
11,15,0,5,20,0.0,19083
11,23,0,6,0,0.0,30643
11,23,0,6,16,0.0,18672
11,23,0,6,17,0.0,19058
11,23,0,6,18,0.0,19443
11,23,0,6,19,0.0,19369
11,23,0,6,20,0.0,19295
11,23,0,6,21,0.0,19221
11,23,0,6,22,0.0,19147
11,23,0,6,23,0.0,19652
11,26,0,2,6,0.0,17639
11,26,0,2,7,0.0,24105
11,26,0,2,15,0.0,18828
12,2,1,1,3,0.0,19300
12,2,1,1,4,0.0,19245
12,2,1,1,5,0.0,19151
12,2,1,1,6,0.0,18641
12,2,1,1,20,0.0,22130
12,2,1,1,21,0.0,20174
12,2,1,1,22,0.0,18537
12,2,1,1,23,0.0,17970
12,14,0,6,10,0.0,16372
12,14,0,6,11,0.0,16660
12,14,0,6,12,0.0,16947
12,14,0,6,13,0.0,17637
12,14,0,6,14,0.0,18166
12,14,0,6,15,0.0,18695
12,14,0,6,16,0.0,19399
12,14,0,6,17,0.0,19854
12,14,0,6,18,0.0,19874
12,14,0,6,19,0.0,20055
12,14,0,6,20,0.0,20087
12,14,0,6,21,0.0,19352
12,24,0,2,0,0.0,19124
12,24,0,2,1,0.0,18509
12,24,0,2,4,0.0,17203
12,24,0,2,7,0.0,15897
12,24,0,2,14,0.0,19797
12,24,0,2,17,0.0,19732
12,24,0,2,20,0.0,19666
12,24,0,2,21,0.0,20405
12,24,0,2,22,0.0,21063
12,24,0,2,23,0.0,21721
12,25,1,3,11,0.0,16919
12,25,1,3,14,0.0,17301
12,25,1,3,17,0.0,17683
12,25,1,3,18,0.0,17889
12,29,1,7,2,0.0,15949
12,29,1,7,15,0.0,16815
12,29,1,7,16,0.0,16953
12,29,1,7,17,0.0,17091
12,29,1,7,18,0.0,17959
12,29,1,7,19,0.0,19161
12,29,1,7,20,0.0,18417
